{
  "Ansi 3 Color" : {
    "Red Component" : 0.85882352941175999,
    "Color Space" : "sRGB",
    "Blue Component" : 0.45490196078431,
    "Green Component" : 0.75294117647059
  },
  "Tags" : [

  ],
  "Ansi 12 Color" : {
    "Red Component" : 0.52549019607842995,
    "Color Space" : "sRGB",
    "Blue Component" : 0.86274509803921995,
    "Green Component" : 0.67058823529412004
  },
  "Ansi 7 Color" : {
    "Red Component" : 0.87450980392156996,
    "Color Space" : "sRGB",
    "Blue Component" : 0.87843137254902004,
    "Green Component" : 0.87450980392156996
  },
  "Ansi 8 Color" : {
    "Red Component" : 0.34117647058824002,
    "Color Space" : "sRGB",
    "Blue Component" : 0.37647058823529,
    "Green Component" : 0.34509803921568999
  },
  "Bold Color" : {
    "Red Component" : 0.80392156862745001,
    "Color Space" : "sRGB",
    "Blue Component" : 0.81176470588234995,
    "Green Component" : 0.80784313725489998
  },
  "Ansi 9 Color" : {
    "Red Component" : 0.81960784313724999,
    "Color Space" : "sRGB",
    "Blue Component" : 0.51372549019608005,
    "Green Component" : 0.41176470588234998
  },
  "Horizontal Spacing" : 1,
  "Right Option Key Sends" : 0,
  "Rows" : 42,
  "Default Bookmark" : "No",
  "Cursor Guide Color" : {
    "Red Component" : 0.70214027166366577,
    "Color Space" : "sRGB",
    "Blue Component" : 1,
    "Alpha Component" : 0.25,
    "Green Component" : 0.92681378126144409
  },
  "Non-ASCII Anti Aliased" : true,
  "Use Bright Bold" : true,
  "Ansi 10 Color" : {
    "Red Component" : 0.55686274509804001,
    "Color Space" : "sRGB",
    "Blue Component" : 0.64313725490196005,
    "Green Component" : 0.72941176470587998
  },
  "Ambiguous Double Width" : false,
  "Jobs to Ignore" : [
    "rlogin",
    "ssh",
    "slogin",
    "telnet"
  ],
  "Show Status Bar" : true,
  "Ansi 15 Color" : {
    "Red Component" : 0.89411764705882002,
    "Color Space" : "sRGB",
    "Blue Component" : 0.89803921568626999,
    "Green Component" : 0.89411764705882002
  },
  "Foreground Color" : {
    "Red Component" : 0.80392156862745001,
    "Color Space" : "sRGB",
    "Blue Component" : 0.81176470588234995,
    "Green Component" : 0.80784313725489998
  },
  "Working Directory" : "\/Users\/rngoodn",
  "Blinking Cursor" : false,
  "Disable Window Resizing" : true,
  "Sync Title" : false,
  "Prompt Before Closing 2" : false,
  "BM Growl" : true,
  "Command" : "",
  "Description" : "Default",
  "Mouse Reporting" : true,
  "Screen" : -1,
  "Selection Color" : {
    "Red Component" : 0.16862745098039,
    "Color Space" : "sRGB",
    "Blue Component" : 0.31764705882353,
    "Green Component" : 0.23137254901960999
  },
  "Columns" : 110,
  "Idle Code" : 0,
  "Ansi 13 Color" : {
    "Red Component" : 0.72941176470587998,
    "Color Space" : "sRGB",
    "Blue Component" : 0.88627450980391997,
    "Green Component" : 0.63137254901961004
  },
  "Custom Command" : "No",
  "ASCII Anti Aliased" : true,
  "Non Ascii Font" : "Monaco 12",
  "Vertical Spacing" : 1,
  "Use Bold Font" : true,
  "Option Key Sends" : 0,
  "Selected Text Color" : {
    "Red Component" : 0.80392156862745001,
    "Color Space" : "sRGB",
    "Blue Component" : 0.81176470588234995,
    "Green Component" : 0.80784313725489998
  },
  "Background Color" : {
    "Red Component" : 0.098039215686274994,
    "Color Space" : "sRGB",
    "Blue Component" : 0.18823529411765,
    "Green Component" : 0.13725490196078
  },
  "Character Encoding" : 4,
  "Ansi 11 Color" : {
    "Red Component" : 0.87843137254902004,
    "Color Space" : "sRGB",
    "Blue Component" : 0.53725490196077996,
    "Green Component" : 0.78823529411765003
  },
  "Use Italic Font" : true,
  "Unlimited Scrollback" : false,
  "Keyboard Map" : {
    "0x33-0x200000-0x0" : {
      "Action" : 12,
      "Text" : "3"
    },
    "0x2f-0x200000-0x0" : {
      "Action" : 12,
      "Text" : "\/"
    },
    "0x3-0x200000-0x0" : {
      "Action" : 11,
      "Text" : "0xd"
    },
    "0x38-0x200000-0x0" : {
      "Action" : 12,
      "Text" : "8"
    },
    "0xf728-0x80000-0x0" : {
      "Action" : 10,
      "Text" : "d"
    },
    "0xf70e-0x20000-0x0" : {
      "Action" : 10,
      "Text" : "[23;2~"
    },
    "0xf701-0x220000-0x0" : {
      "Action" : 10,
      "Text" : "[1;2B"
    },
    "0x32-0x40000-0x0" : {
      "Action" : 11,
      "Text" : "0x00"
    },
    "0xf700-0x240000-0x0" : {
      "Action" : 10,
      "Text" : "[1;5A"
    },
    "0xf703-0x220000-0x0" : {
      "Action" : 10,
      "Text" : "[1;2C"
    },
    "0xf70b-0x20000-0x0" : {
      "Action" : 10,
      "Text" : "[19;2~"
    },
    "0xf702-0x240000-0x0" : {
      "Action" : 10,
      "Text" : "[1;5D"
    },
    "0xf701-0x280000" : {
      "Action" : 11,
      "Text" : "0x1b 0x1b 0x5b 0x42"
    },
    "0xf701-0x260000-0x0" : {
      "Action" : 10,
      "Text" : "[1;6B"
    },
    "0xf72b-0x40000-0x0" : {
      "Action" : 10,
      "Text" : "[1;5F"
    },
    "0xf703-0x260000-0x0" : {
      "Action" : 10,
      "Text" : "[1;6C"
    },
    "0x31-0x200000-0x0" : {
      "Action" : 12,
      "Text" : "1"
    },
    "0xf702-0x280000-0x0" : {
      "Action" : 10,
      "Text" : "b"
    },
    "0x2d-0x200000-0x0" : {
      "Action" : 12,
      "Text" : "-"
    },
    "0xf709-0x20000-0x0" : {
      "Action" : 10,
      "Text" : "[17;2~"
    },
    "0xf700-0x280000" : {
      "Action" : 11,
      "Text" : "0x1b 0x1b 0x5b 0x41"
    },
    "0x36-0x200000-0x0" : {
      "Action" : 12,
      "Text" : "6"
    },
    "0xf706-0x20000-0x0" : {
      "Action" : 10,
      "Text" : "[1;2R"
    },
    "0x36-0x40000-0x0" : {
      "Action" : 11,
      "Text" : "0x1e"
    },
    "0xf729-0x40000-0x0" : {
      "Action" : 10,
      "Text" : "[1;5H"
    },
    "0x2d-0x40000-0x0" : {
      "Action" : 11,
      "Text" : "0x1f"
    },
    "0xf702-0x300000-0x0" : {
      "Action" : 11,
      "Text" : "0x1"
    },
    "0x7f-0x80000-0x0" : {
      "Action" : 11,
      "Text" : "0x1b 0x7f"
    },
    "0x33-0x40000-0x0" : {
      "Action" : 11,
      "Text" : "0x1b"
    },
    "0x2b-0x200000-0x0" : {
      "Action" : 12,
      "Text" : "+"
    },
    "0x34-0x200000-0x0" : {
      "Action" : 12,
      "Text" : "4"
    },
    "0xf70d-0x20000-0x0" : {
      "Action" : 10,
      "Text" : "[21;2~"
    },
    "0xf72b-0x20000-0x0" : {
      "Action" : 10,
      "Text" : "[1;2F"
    },
    "0x39-0x200000-0x0" : {
      "Action" : 12,
      "Text" : "9"
    },
    "0xf70a-0x20000-0x0" : {
      "Action" : 10,
      "Text" : "[18;2~"
    },
    "0x37-0x40000-0x0" : {
      "Action" : 11,
      "Text" : "0x1f"
    },
    "0xf708-0x20000-0x0" : {
      "Action" : 10,
      "Text" : "[15;2~"
    },
    "0xf729-0x20000-0x0" : {
      "Action" : 10,
      "Text" : "[1;2H"
    },
    "0xf700-0x220000-0x0" : {
      "Action" : 10,
      "Text" : "[1;2A"
    },
    "0xf705-0x20000-0x0" : {
      "Action" : 10,
      "Text" : "[1;2Q"
    },
    "0xf702-0x220000-0x0" : {
      "Action" : 10,
      "Text" : "[1;2D"
    },
    "0x2e-0x200000-0x0" : {
      "Action" : 12,
      "Text" : "."
    },
    "0x32-0x200000-0x0" : {
      "Action" : 12,
      "Text" : "2"
    },
    "0xf701-0x240000-0x0" : {
      "Action" : 10,
      "Text" : "[1;5B"
    },
    "0xf700-0x260000-0x0" : {
      "Action" : 10,
      "Text" : "[1;6A"
    },
    "0x37-0x200000-0x0" : {
      "Action" : 12,
      "Text" : "7"
    },
    "0xf703-0x240000-0x0" : {
      "Action" : 10,
      "Text" : "[1;5C"
    },
    "0x34-0x40000-0x0" : {
      "Action" : 11,
      "Text" : "0x1c"
    },
    "0xf702-0x260000-0x0" : {
      "Action" : 10,
      "Text" : "[1;6D"
    },
    "0xf703-0x280000-0x0" : {
      "Action" : 10,
      "Text" : "f"
    },
    "0xf70f-0x20000-0x0" : {
      "Action" : 10,
      "Text" : "[24;2~"
    },
    "0x7f-0x100000-0x0" : {
      "Action" : 11,
      "Text" : "0x15"
    },
    "0xf70c-0x20000-0x0" : {
      "Action" : 10,
      "Text" : "[20;2~"
    },
    "0xf703-0x300000-0x0" : {
      "Action" : 11,
      "Text" : "0x5"
    },